cycle,timestamp,sp_W_pct,sp_D_pct,sp_L_pct,sp_positions,sp_unique,sp_entropy,sp_top1,sp_avg_game_len,sp_avg_walls,sp_resign_pct,sp_false_resign,loss,loss_policy,loss_value,eval_score,promoted,en_entropy,en_unique,en_top1,vs_random,vs_greedy,vs_bfs,t_selfplay_min,t_train_min,t_evalnet_min,t_evalbest_min,t_cycle_min
5,19:12:03,57.5,6.0,36.5,5311,180,7.43,4,26.6,9.3,,,1.0913,0.9712,0.1201,1.0,1,,,,,0.5,0.5,41.3,6.0,5.1,1.4,53.7
6,20:05:48,75.5,4.0,20.5,4312,156,7.06,9,21.6,6.8,,,1.0816,0.9517,0.1299,0.55,1,,,,,1.0,1.0,33.7,5.2,9.9,1.4,50.2
7,20:55:59,32.5,1.5,66.0,3971,170,7.14,13,19.9,6.1,,,1.0912,0.9434,0.1477,0.9,1,,,,,1.0,1.0,31.8,5.0,5.9,1.4,44.1
8,23:27:37,37.0,1.0,62.0,3422,172,7.27,10,17.1,5.1,,,1.1215,0.962,0.1595,0.7,1,,,,,1.0,1.0,17.4,4.2,7.7,1.4,30.7
9,23:58:21,26.5,2.5,71.0,3951,134,6.77,6,19.8,5.9,,,1.1135,0.9365,0.177,0.725,1,,,,,1.0,1.0,32.5,4.1,10.3,1.6,48.5
10,00:58:32,35.5,2.0,62.5,3645,156,6.95,17,18.2,5.3,,,1.1111,0.9329,0.1783,0.8375,1,,,,,1.0,1.0,28.4,4.0,10.7,1.4,44.5
11,01:43:01,36.0,5.5,58.5,3800,155,7.08,7,19.0,5.4,,,1.0771,0.8976,0.1796,1.0,1,,,,,1.0,1.0,31.4,4.1,11.9,1.6,48.9
12,02:31:57,78.0,5.5,16.5,3808,122,5.9,42,19.0,5.3,,,1.0055,0.8233,0.1823,0.9,1,,,,,1.0,1.0,30.1,4.5,9.8,1.4,45.8
13,03:17:47,75.5,6.5,18.0,3748,122,5.74,57,18.7,5.2,,,0.9864,0.7967,0.1898,0.975,1,,,,,1.0,1.0,30.1,4.4,8.3,1.9,44.7
14,04:02:31,83.5,3.5,13.0,3158,134,6.18,45,15.8,4.5,,,0.9842,0.7905,0.1936,0.35,0,,,,,,,25.5,4.3,9.1,0.0,38.9
15,04:41:24,82.0,4.5,13.5,3316,127,6.01,48,16.6,4.6,,,0.9637,0.7773,0.1864,0.175,0,,,,,,,26.3,4.1,10.1,0.0,40.4
16,05:21:48,82.0,5.5,12.5,3335,117,5.6,59,16.7,4.7,,,0.9585,0.7779,0.1805,1.0,1,,,,,1.0,1.0,27.0,3.9,12.1,1.3,44.4
17,06:06:09,83.5,5.0,11.5,3353,126,6.0,45,16.8,4.5,,,0.9442,0.771,0.1731,0.25,0,,,,,,,26.7,3.9,10.8,0.0,41.5
18,06:47:37,84.5,6.5,9.0,3496,129,6.05,46,17.5,4.8,,,0.9301,0.7566,0.1735,0.6875,1,,,,,1.0,1.0,27.5,4.1,11.3,2.3,45.1
19,07:32:44,78.5,2.5,19.0,4027,153,7.0,11,20.1,6.2,,,0.9173,0.762,0.1552,0.5,1,,,,,1.0,1.0,31.8,4.2,11.5,1.5,48.9
20,08:47:39,68.0,10.3,21.7,7056,139,5.87,56,23.5,6.5,,,0.8637,0.7087,0.155,0.7,1,,,,,1.0,1.0,77.7,3.8,20.1,4.5,106.1
21,10:33:44,67.7,8.7,23.7,7212,116,5.71,29,24.0,7.1,,,0.8777,0.6974,0.1803,0.95,1,,,,,1.0,1.0,104.2,4.7,19.5,2.9,131.4
22,12:45:09,35.3,7.0,57.7,8067,131,4.64,138,26.9,7.6,,,0.8802,0.6737,0.2065,0.7,1,,,,,1.0,1.0,124.7,5.9,20.6,4.5,155.7
23,17:12:03,64.0,2.7,33.3,7835,137,5.9,35,26.1,7.7,,,0.7873,0.598,0.1893,0.8,1,1.0,2,20,,1.0,0.5,115.7,4.1,21.3,6.4,147.6
24,23:35:50,55.0,1.3,43.7,7549,193,6.89,34,25.2,7.9,,,0.8265,0.6452,0.1813,0.7125,1,4.32,20,2,,0.85,0.9,74.1,4.5,14.3,4.4,97.2
25,01:13:04,58.3,0.3,41.3,7577,139,5.91,58,25.3,7.5,,,0.9508,0.7586,0.1922,0.525,1,4.32,20,2,,0.8,0.8,115.1,5.9,13.9,4.0,138.9
26,03:31:57,72.3,2.0,25.7,6953,178,6.7,42,23.2,6.9,,,0.9549,0.7717,0.1831,0.425,0,4.32,20,2,,,,105.9,5.6,14.5,0.0,126.0
27,05:37:57,69.7,1.7,28.7,7007,178,6.62,50,23.4,6.8,,,0.9291,0.7326,0.1965,0.525,1,4.32,20,2,,1.0,0.8,108.8,5.5,15.4,4.5,134.2
28,07:52:11,49.0,0.7,50.3,7712,142,5.93,52,25.7,7.3,,,0.9266,0.7242,0.2024,0.575,1,4.32,20,2,,0.95,0.9,121.7,5.5,14.3,5.2,146.7
29,14:36:53,51.3,0.0,48.7,4630,227,7.32,29,14.8,3.8,62.7,26.6,0.8881,0.7215,0.1666,0.525,1,4.32,20,2,,1.0,1.0,42.1,4.9,31.1,3.9,82.1
30,15:58:57,53.0,0.0,47.0,3926,233,7.34,31,12.3,2.9,73.7,25.8,0.7976,0.6857,0.1119,0.475,0,4.32,20,2,,,,63.8,3.9,27.9,0.0,95.6
31,17:34:32,52.7,0.0,47.3,4090,231,7.34,35,12.9,3.2,68.7,30.4,0.6966,0.6678,0.0287,0.425,0,4.32,20,2,,,,66.4,3.1,23.5,0.0,93.0
32,19:07:35,55.3,0.0,44.7,3895,219,7.12,38,12.3,3.0,72.3,25.9,0.6863,0.6714,0.0149,0.625,1,4.32,20,2,,0.6,1.0,62.0,2.9,25.7,2.9,93.5
33,20:41:05,50.3,0.0,49.7,3112,199,6.84,34,9.7,2.1,69.7,29.2,0.6698,0.6559,0.0139,0.475,0,4.32,20,2,,,,52.1,2.8,23.0,0.0,77.9
34,11:01:17,43.3,1.3,55.3,7418,292,8.17,4,24.3,5.9,40.7,58.9,0.4362,0.4295,0.0066,0.425,0,4.32,20,2,,,,81.6,4.2,12.3,0.0,98.1
35,16:20:28,44.0,0.0,56.0,5223,196,6.67,59,17.0,4.0,94.0,54.9,0.7361,0.6459,0.0902,0.525,1,4.32,20,2,,0.9,0.9,92.8,3.5,17.6,5.3,119.2
36,00:36:10,42.7,0.0,57.3,4997,171,6.01,83,16.2,4.2,98.4,56.8,0.7874,0.6697,0.1177,0.48,0,4.64,25,2,,,,73.6,4.7,16.8,0.0,95.1
37,02:11:18,51.0,0.0,49.0,4895,183,6.17,82,15.9,4.1,96.1,58.1,0.8199,0.6727,0.1472,0.38,0,4.64,25,2,,,,85.5,5.1,20.0,0.0,110.6
38,04:01:53,47.3,0.0,52.7,5096,187,6.34,75,16.6,4.2,97.6,59.0,0.7877,0.6241,0.1636,0.54,1,4.64,25,2,,1.0,0.7,89.5,5.0,19.9,4.5,118.9
39,06:00:45,41.7,0.0,58.3,5306,176,5.85,98,17.3,4.3,96.7,58.7,0.7831,0.6172,0.1659,0.52,1,4.64,25,2,,1.0,0.8,97.3,5.1,17.7,5.4,125.5
40,08:06:16,64.3,0.0,35.7,4651,183,6.32,72,15.1,3.5,96.7,59.7,0.7843,0.6231,0.1612,0.52,1,4.64,25,2,,1.0,0.9,83.2,5.1,19.7,5.7,113.6
41,11:08:58,38.0,0.0,62.0,4916,187,6.29,78,16.0,4.0,94.7,62.4,0.7883,0.6267,0.1616,0.44,0,5.08,36,2,,,,23.3,5.3,25.3,0.0,53.9
42,18:36:01,47.5,0.5,52.0,4519,89,4.65,83,22.3,5.8,89.5,72.0,0.787,0.6141,0.1728,0.66,1,5.04,35,2,,1.0,1.0,57.3,6.8,34.7,7.7,106.5
43,00:29:52,35.0,0.0,65.0,5329,58,2.68,138,26.6,6.7,100.0,92.1,0.6421,0.4775,0.1646,0.44,0,4.88,31,2,,,,104.5,7.4,32.4,0.0,144.4
44,02:54:15,34.5,0.0,65.5,5023,67,3.15,126,25.1,6.3,,100.0,0.6125,0.4434,0.1691,0.56,1,4.88,31,2,,1.0,0.8,122.0,7.4,29.5,7.8,166.8
45,05:41:03,47.5,0.0,52.5,4895,88,4.48,77,24.5,5.8,,100.0,0.5663,0.398,0.1682,0.48,0,4.92,32,2,,,,119.7,7.5,29.9,0.0,157.1
46,08:18:11,44.5,0.0,55.5,5055,81,4.27,87,25.3,6.0,,100.0,0.5351,0.3635,0.1716,0.54,1,5.0,34,2,,1.0,0.9,121.3,7.6,30.1,7.3,166.3
47,13:47:17,41.5,0.0,58.5,4619,82,3.95,105,23.1,5.5,,100.0,0.6036,0.4265,0.177,0.48,0,4.8,29,2,,,,18.1,11.2,31.4,0.0,60.7
48,17:30:37,42.0,0.0,58.0,4720,103,5.08,71,24.6,6.2,,100.0,0.5884,0.4055,0.1829,0.76,1,4.2,27,11,,1.0,1.0,15.7,11.8,33.3,7.6,68.5
